date,real_gdp,private_consumption,public_consumption,fixed_investment,exports,imports,inventory_changes,statistical_discrepancy
2004-01-01,460369.4422329487,305237.1734056582,49687.34219058054,71794.43385344952,102774.20298138498,73073.43481112685,3949.821258970952,
2004-04-01,514395.6817723617,338800.0016764252,52072.27795725742,81995.48031590602,119462.27741173614,80006.3072174586,2071.933134947911,
2004-07-01,481151.9799435081,310440.5741314673,53720.816256870574,79254.31381216343,119619.17122810414,85416.07252113911,3533.150723007206,
2004-10-01,484543.6768765623,293849.7939520492,60194.71817543847,75368.48047083837,120898.05016710555,88375.32157266857,22607.903844412853,
2005-01-01,493602.53057785495,319799.76251832145,54179.35547164225,80672.43472385775,119186.92694656596,84904.77744994142,4668.828367409124,
2005-04-01,581668.2498796025,385778.0721106242,58212.17198611024,94508.35870797462,138217.54798367393,97288.20329605682,2240.3023872762333,
2005-07-01,514697.78950542817,323831.3656613597,58977.83929305516,89948.60416710979,135432.69307676284,96844.89303709046,3352.180344231076,
2005-10-01,522255.2000507714,311201.9350682639,65561.51262271135,92100.02293755974,129550.81848020396,99636.55792383583,23477.46886586838,
2006-01-01,532348.2120169173,354888.1198370661,56878.87961277132,93836.5731692338,125801.74305657322,96613.8916394867,-2443.2120192403586,
2006-04-01,614076.3926085439,412814.6666905762,60002.96256628369,105355.8130616704,141431.39484319702,101743.8617298436,-3784.582823339741,
2006-07-01,562978.9656268766,372993.0937998369,60840.091459644784,106228.60234204464,139275.06000824485,109844.576627056,-6513.305355838509,
2006-10-01,572794.0466305884,346795.7535121445,68028.75217628879,103509.58849471423,144930.84608108603,112095.47619426234,21624.58256061705,
2007-01-01,576846.8856994272,394546.92237347405,61224.20472292366,111459.50015804856,129994.2930727219,112275.54046719316,-8102.494160547839,
2007-04-01,674620.5630064849,444046.11165498366,65259.863868160544,125373.05789199455,151852.51450331474,117677.32624788817,5766.341335919644,
2007-07-01,610425.6940148536,403183.03818433546,65411.56329630151,128893.70334910932,153959.99205222024,136188.56334207152,-4834.0395250414695,
2007-10-01,625876.8678635969,384630.0788041762,73096.78847365975,126843.69936850498,160654.2198809369,136704.0597547481,17356.141091067057,
2008-01-01,616720.3570644783,434706.92070959473,63538.090213852025,130866.2750307655,138205.65471421785,138615.196997182,-11981.386606769784,
2008-04-01,711405.5004552329,485578.4593545365,69148.37939277048,146972.60805294834,147769.55715328988,147043.53953203355,8980.036033721306,
2008-07-01,647087.9597424942,425312.74440875015,69622.82939732778,138451.48746983963,169221.27116816866,153056.79563738545,-2463.577064206515,
2008-10-01,613490.821702641,398635.44285744097,75972.69916694464,119110.68925230176,145677.599528055,132326.80332668536,6421.194224583824,
2009-01-01,578553.0442424045,410435.1583771096,65839.05478030315,95500.5721063584,127658.2065877633,108884.58517996113,-11995.36242916899,
2009-04-01,631197.7518600689,423959.3386236015,71368.48936247379,99870.79079402324,147851.62921163163,104729.45493210446,-7123.041199556884,
2009-07-01,610519.8546117273,419318.04320998426,74331.01172110844,108714.07912083372,131625.13245280625,123133.6440304645,-334.7678625408504,
2009-10-01,615220.8549372972,396373.3691899605,82422.55744733862,110460.3261279798,137574.77413312762,129128.9859125566,17518.813951447286,
2010-01-01,611607.33658973,439461.2457168135,70569.0067685535,108785.85710582584,124821.26202219725,131091.92974987472,-938.105273785256,
2010-04-01,733730.7739689033,487297.5986480419,77185.40145097743,130038.89517350178,175584.32821404992,151260.05259704147,14884.603079373786,
2010-07-01,668566.5094889859,456779.066656185,76311.35500675494,139803.95750292117,168049.6179071699,171903.47870439343,-474.00887965144494,
2010-10-01,668190.0977195739,451162.75340541295,85922.6262566636,144754.3240647099,151952.376643681,175630.37609457492,10028.3934436812,
2011-01-01,662325.5859726951,484513.9866221313,74065.61550360995,139564.46171539812,138279.54794538196,171680.48522975415,-2417.540584071936,
2011-04-01,766332.9545716126,521971.6246991987,80830.22216387503,153571.0195551041,170971.27052045267,185834.800630491,24823.618263473018,
2011-07-01,711417.3919301049,509458.2538576882,81814.12347117398,164571.6467049708,172841.45085261774,212358.1719142757,-4909.911042070125,
2011-10-01,703050.4564079925,490644.74845936126,87429.11790493385,156629.21241772975,164054.87715450366,198767.51540656987,3060.0158780339243,
2012-01-01,672685.9936305042,494561.058682757,77065.36011865595,134285.04105704132,145984.1028063894,175963.63222419753,-3245.936810141879,
2012-04-01,730838.2725927759,516528.23176810256,82453.8409794096,134408.94797285143,155692.76464038188,168790.03309891451,10544.520330945004,
2012-07-01,703461.6525301962,517627.4794360068,84029.38424119438,150230.81659457326,164111.32295096805,194333.5663819988,-18203.784310547417,
2012-10-01,706958.0390823188,500150.63183982833,90344.7981817684,151946.00276177566,153813.21961273107,193210.37317505115,3913.759861266301,
2013-01-01,677085.5291731509,506950.4464066281,80963.0147224332,133273.1129258469,131767.05473088424,176602.613153124,734.513540482458,
2013-04-01,776486.60279942,543923.3527537831,87051.59686787998,150469.4153047585,168720.23462672776,190652.1070945469,16974.11034081757,
2013-07-01,721458.9442161823,538421.0782533975,87994.27213111262,152737.1141048032,159733.6322501896,202951.05150852748,-14476.101014792954,
2013-10-01,706597.3450225069,513403.2517400656,95656.26703212564,147746.6296025357,137569.02973944266,190526.07736575845,2748.244274095596,
2014-01-01,671066.0466350627,517840.5337442633,85482.49373199629,131370.5363099219,119113.81889969678,174142.8791751422,-8598.45687567352,
2014-04-01,760576.8683480041,527379.2269427378,88842.11971854886,141073.1894297702,152688.83294255967,169554.60524510767,20148.10455949512,
2014-07-01,690879.7982516834,490626.98948685534,90661.5906350518,140281.45358859547,147198.696369442,173099.24330165773,-4789.688526603717,
2014-10-01,686701.4706187105,475210.9954940017,97035.59233375054,132033.40948911634,137067.84127832402,156603.14371840068,1956.775741918548,
2015-01-01,672749.8113916992,507483.723069378,88812.95550774357,128790.2533129668,116284.29138088349,160419.64644001034,-8201.76543926239,
2015-04-01,791235.9655416702,569042.1858712141,97227.65945609038,143522.13876214108,149591.7080612978,174021.01747036108,5873.290861287952,
2015-07-01,718281.2654497817,518592.727887606,98086.76652572924,149008.18693087087,147404.70503841515,192990.26576942843,-1820.85516341126,
2015-10-01,703681.544169008,489467.3253588218,103040.47142187048,142300.30190956546,127344.36995735196,177694.9568914407,19224.032412838937,
2016-01-01,677652.0891157027,520749.1889776959,90566.2923396524,124425.51841156666,133430.07456094024,179480.42369351548,-12038.561480637094,
2016-04-01,760703.2801516564,558368.4353957901,94085.73301934524,134589.4379545192,148260.210877463,187899.6618580357,13299.124762574564,
2016-07-01,694382.4757762305,506410.5707127761,96873.95781475112,137185.49507782274,146914.03159839427,193030.1033736731,28.52394615923241,
2016-10-01,693173.5493470578,482792.3600649343,103611.65551354598,134851.77049515006,140767.70716094368,185783.37864128867,16933.434753772326,
2017-01-01,681444.7661102224,536011.2679688631,92114.46751726622,131486.24599536855,134667.57440605693,194211.6667513001,-18623.123026032263,
2017-04-01,778401.6764493167,579761.6634740008,98369.90612425636,147917.72513381098,150287.5619987416,211208.7506886616,13273.57040716861,
2017-07-01,721120.4268527941,530448.7435004468,99417.58472055016,160592.39690911057,153867.07257565853,229079.80670323677,5874.435850264737,
2017-10-01,724592.9216389629,508108.8239414609,105392.23970881505,162113.6897786921,145441.11931488177,227978.62402592791,31515.672921041147,
2018-01-01,707324.2680572141,552912.8785920906,92056.1938646973,152300.6042109982,144939.93221966934,225441.6687326833,-9443.672097557965,
2018-04-01,747428.2999545746,588455.756529514,97624.1805461115,151659.16792457036,137726.1206501707,220135.4818205716,-7901.443875220443,
2018-07-01,696101.5835218076,513316.2929784739,96923.53301497962,142066.4152474825,144474.37418546676,206728.928915982,6049.897011386721,
2018-10-01,678655.6203844536,451265.2090507618,101213.65943477832,121488.74616913997,160897.22038331695,171694.68040516032,15485.465751616752,
2019-01-01,665848.7152997089,504391.51102833217,87955.88531588462,114187.82600362253,145979.48694396392,168867.28177685314,-17798.71221524114,
2019-04-01,751784.4607771325,550677.2854003571,93381.86430890074,123592.22780170344,159369.0737788398,171113.94006205906,-4122.050450609496,
2019-07-01,683900.8985525784,480415.6068960896,88666.34984708998,127742.49807995032,166474.0916804299,176396.74291737535,-2865.411463146969,
2019-10-01,671361.13972242,441436.0498072224,92992.64557113076,111464.9398238233,173554.69540591474,153557.48180457175,6361.624727438179,
2020-01-01,632389.35353461,470887.43428154616,87736.34538102086,93438.79884956792,139323.35480735445,147946.8652804679,-11049.714504411444,
2020-04-01,609379.9894648013,434291.22191559087,87928.54480961295,76231.15786545725,136593.32836722894,118831.91607431168,-6832.3474187771135,
2020-07-01,614192.4784042229,408971.2629757039,86984.63366915208,116052.69910475847,136347.82248110077,136935.27553956184,2771.335713069556,
2020-10-01,642403.3231979503,422152.316935035,93008.97921282398,128941.85089797009,120573.80620850837,150921.0025940372,28647.37253765016,
2021-01-01,652831.9767063216,473418.8866338761,88352.49582704819,129688.33432883564,125271.19242964438,147517.11225906957,-16381.820254013175,
2021-04-01,723516.6224906748,514737.7935409225,93809.85300208704,136177.6969330454,146242.5639765279,163057.52331432875,-4393.76164757926,
2021-07-01,686756.4678266742,449491.7336817957,95108.61710826278,141727.54916135024,161505.1882138258,164904.01955605674,3827.399217496393,
2021-10-01,696134.669112115,463015.5678595683,103726.72779060948,148125.39297362405,144860.42838246087,182089.20202110664,18495.75412695901,
2022-01-01,697625.2846663581,516582.480346626,94876.31542304972,143683.72144414237,135342.64275390125,182574.7479295468,-10285.127371814537,
2022-04-01,782338.628533735,576435.4388092516,99651.2525239743,160568.55074025382,157619.70172501824,204565.3148449806,-7371.000419782401,
2022-07-01,732662.1638755013,497399.5790569698,96128.78873204008,160952.87233184377,157115.5484099105,201300.628969762,22366.004314499274,
2022-10-01,712740.4578287383,490167.7199138912,100882.28600306352,148604.10993046832,154135.0314240797,184437.0703833809,3388.380940616399,
2023-01-01,704009.0351770016,535974.726635851,97699.37293797788,141756.1105370376,126446.7980037569,189816.86812843868,-8051.1048091830835,
2023-04-01,738128.411227304,588087.0318230554,104013.85090040872,157587.9760347077,136912.27496015004,212421.66811133316,-36051.0543796846,
2023-07-01,728542.2558474866,496373.76665363583,99537.22905430169,162177.08982223828,143916.18915172506,204973.93804020915,31511.91920579483,
2023-10-01,700543.19869756,480687.41115046106,99272.70531374274,137053.0850250279,136117.33369907388,182767.7243596317,30180.38786888624,
2024-01-01,668219.6308270538,508286.74859901017,93290.78436413647,107772.24246399784,147382.28805174623,163688.13110543252,-29378.77116694121,4554.469620536896
2024-04-01,729909.3687198232,538393.9648003395,98261.48829583231,111250.67606318028,164179.76261963282,164019.79797051894,-9485.313876489354,-8671.411212153384
2024-07-01,714299.2179562403,490119.306834036,95614.3762687654,134999.67663925863,172087.5158740965,180382.92674418475,16624.83622456725,-14763.567140298896
2024-10-01,719523.3207309349,504095.16709731,101219.34480461713,139618.47521813988,172594.55583318364,199564.73060381008,26848.363406918284,-25287.855025423807
2025-01-01,709095.1246966242,566590.7583721852,91687.79278814848,141620.55233541317,156881.31367975337,230112.3766481846,-19277.67094992487,1704.7551192335086
2025-04-01,777482.5556069001,601163.8671882169,99731.98404531514,147249.2271332868,169976.5235005347,228175.02492846528,-1008.5524817145068,-11455.46885027364
2025-07-01,737135.0676777094,522534.7718325474,96837.22420645384,148829.50727912155,189756.0734657313,225859.2128645692,19392.457398662034,-14355.75364023738
2025-10-01,735202.1055080015,525445.7833727074,101592.2746131105,135974.00388717614,192971.2412325193,221714.27410342373,17703.807045088983,-16770.73053917708
2026-01-01,725600.2445682534,582154.7955551334,90857.06139283218,125135.4415172264,172306.87786718714,212956.78330619173,-32028.80997229005,131.66151435603388
