date,m2,inflation,real_gdp,shopping_center_sales_index_2017,shopping_center_sales_constant_thousands_ars,shopping_center_cinema_screens
2003-01-01,47157.50967741935,,,,,
2003-02-01,46464.67785714286,,,,,
2003-03-01,46895.76735483871,,,,,
2003-04-01,46923.336,,,,,
2003-05-01,48903.35229827925,,,,,
2003-06-01,50330.14249095366,,,,,
2003-07-01,52873.5897250664,,,,,
2003-08-01,55171.66755917518,,,,,
2003-09-01,56143.03613843144,,,,,
2003-10-01,57399.49564108678,,,,,
2003-11-01,59357.71381532235,,,,,
2003-12-01,62386.58335301541,,,,,
2004-01-01,64071.20516240616,,460369.4422329487,,,
2004-02-01,66188.6135351483,,,,,
2004-03-01,65812.61050313903,,,,,
2004-04-01,68301.02566470334,,514395.6817723617,,,
2004-05-01,71140.61156916806,,,,,
2004-06-01,73442.58869646366,,,,,
2004-07-01,76037.41207603161,,481151.9799435081,,,
2004-08-01,77184.26524193549,,,,,
2004-09-01,77300.85991920001,,,,,
2004-10-01,77699.75203886678,,484543.6768765623,,,
2004-11-01,78855.40311700334,,,,,
2004-12-01,83256.56774193548,,,,,
2005-01-01,84746.49773879483,,493602.53057785495,,,
2005-02-01,83057.56191482145,,,,,
2005-03-01,83934.74399256129,,,,,
2005-04-01,84452.193615,,581668.2498796025,,,
2005-05-01,86749.68578019355,,,,,
2005-06-01,89060.32481143333,,,,,
2005-07-01,92713.51963335482,,514697.78950542817,,,
2005-08-01,93353.47958018482,,,,,
2005-09-01,93536.50080944436,,,,,
2005-10-01,95617.88901278388,,522255.2000507714,,,
2005-11-01,97552.12328438334,,,,,
2005-12-01,103865.4450115484,,,,,
2006-01-01,106335.4226279197,,532348.2120169173,,,
2006-02-01,105218.1110837914,,,,,
2006-03-01,106163.7652976774,,,,,
2006-04-01,105248.974189846,,614076.3926085439,,,
2006-05-01,108460.7065629355,,,,,
2006-06-01,109766.8125477087,,,,,
2006-07-01,112881.8505514516,,562978.9656268766,,,
2006-08-01,111933.2258526452,,,,,
2006-09-01,112385.2071297333,,,,,
2006-10-01,114733.1046260968,,572794.0466305884,,,
2006-11-01,117754.9676437,,,,,
2006-12-01,123575.7612687445,,,,,
2007-01-01,126511.9124683226,,576846.8856994272,,,
2007-02-01,126375.6753252436,,,,,
2007-03-01,126693.9628714516,,,,,
2007-04-01,129164.6590662666,,674620.5630064849,,,
2007-05-01,132929.6770502258,,,,,
2007-06-01,134369.8457047667,,,,,
2007-07-01,140236.790721129,,610425.6940148536,,,
2007-08-01,139346.624405871,,,,,
2007-09-01,136808.3710126,,,,,
2007-10-01,138357.3204527845,,625876.8678635969,,,
2007-11-01,139758.9963476,,,,,
2007-12-01,145849.0109792581,,,,,
2008-01-01,154571.6507466387,,616720.3570644783,,,
2008-02-01,151890.3846547728,,,,,
2008-03-01,149820.8669441445,,,,,
2008-04-01,152434.8463562,,711405.5004552329,,,
2008-05-01,154920.0484415512,,,,,
2008-06-01,156157.1208121667,,,,,
2008-07-01,161220.9011031055,,647087.9597424942,,,
2008-08-01,157484.0734495807,,,,,
2008-09-01,162809.3639231973,,,,,
2008-10-01,162080.5665520645,,613490.821702641,,,
2008-11-01,159484.5608759233,,,,,
2008-12-01,173198.2740434668,,,,,
2009-01-01,178345.3900543322,,578553.0442424045,,,
2009-02-01,171690.4555796364,,,,,
2009-03-01,167424.1447373952,,,,,
2009-04-01,166267.9869434,,631197.7518600689,,,
2009-05-01,168838.091973129,,,,,
2009-06-01,175152.394154024,,,,,
2009-07-01,175972.8302902903,,610519.8546117273,,,
2009-08-01,175060.5586472581,,,,,
2009-09-01,178674.122930406,,,,,
2009-10-01,179144.075046119,,615220.8549372972,,,
2009-11-01,180949.450147666,,,,,
2009-12-01,196795.3928314749,,,,,
2010-01-01,204112.963774559,,611607.33658973,,,
2010-02-01,203267.1388544636,,,,,
2010-03-01,197505.0535259994,,,,,
2010-04-01,199218.5735625087,,733730.7739689033,,,
2010-05-01,201074.7124558574,,,,,
2010-06-01,206275.7937455853,,,,,
2010-07-01,217797.8783641271,,668566.5094889859,,,
2010-08-01,217343.827560632,,,,,
2010-09-01,221225.6213703737,,,,,
2010-10-01,229450.473062141,,668190.0977195739,,,
2010-11-01,233121.9147458084,,,,,
2010-12-01,252088.3203927055,,,,,
2011-01-01,269810.133437789,,662325.5859726951,,,
2011-02-01,261402.6660882339,,,,,
2011-03-01,264095.7461294574,,,,,
2011-04-01,268788.908475514,,766332.9545716126,,,
2011-05-01,277192.4241303519,,,,,
2011-06-01,283697.2366982414,,,,,
2011-07-01,296363.666169469,,711417.3919301049,,,
2011-08-01,300088.7283282074,,,,,
2011-09-01,298377.5875593059,,,,,
2011-10-01,300961.3571927697,,703050.4564079925,,,
2011-11-01,303195.2424993327,,,,,
2011-12-01,324858.4102545158,,,,,
2012-01-01,346524.2226606645,,672685.9936305042,,,
2012-02-01,338364.5431447696,,,,,
2012-03-01,340503.0943649323,,,,,
2012-04-01,343906.2454951886,,730838.2725927759,,,
2012-05-01,354344.8624868345,,,,,
2012-06-01,372957.3067516547,,,,,
2012-07-01,399322.515975201,,703461.6525301962,,,
2012-08-01,403940.9380742804,,,,,
2012-09-01,399750.0237601983,,,,,
2012-10-01,404285.1914548441,,706958.0390823188,,,
2012-11-01,419213.3167881806,,,,,
2012-12-01,455027.998106539,,,,,
2013-01-01,475309.5607372361,,677085.5291731509,,,
2013-02-01,458995.1952255257,,,,,
2013-03-01,462396.4601739342,,,,,
2013-04-01,467086.9879799457,,776486.60279942,,,
2013-05-01,471547.6749921112,,,,,
2013-06-01,491277.7006602917,,,,,
2013-07-01,511608.3037901971,,721458.9442161823,,,
2013-08-01,519901.3235646255,,,,,
2013-09-01,528025.0791193002,,,,,
2013-10-01,533576.5413137919,,706597.3450225069,,,
2013-11-01,532680.3762742584,,,,,
2013-12-01,578421.5272942105,,,,,
2014-01-01,614403.4042485649,,671066.0466350627,,,
2014-02-01,576780.0564786639,,,,,
2014-03-01,559157.8229554107,,,,,
2014-04-01,562708.699609925,,760576.8683480041,,,
2014-05-01,574612.1682129174,,,,,
2014-06-01,611920.105485636,,,,,
2014-07-01,640047.2210877684,,690879.7982516834,,,
2014-08-01,646767.724324148,,,,,
2014-09-01,656087.9610925268,,,,,
2014-10-01,670056.7191728784,,686701.4706187105,,,
2014-11-01,688324.16476741,,,,,
2014-12-01,750740.1138519518,,,,,
2015-01-01,785385.1104782742,,672749.8113916992,,,
2015-02-01,741415.2989998552,,,,,
2015-03-01,742826.015395934,,,,,
2015-04-01,760101.0430704798,,791235.9655416702,,,
2015-05-01,779592.7561344571,,,,,
2015-06-01,815841.6987855113,,,,,
2015-07-01,860965.8702197438,,718281.2654497817,,,
2015-08-01,870370.3307324742,,,,,
2015-09-01,885160.7135360603,,,,,
2015-10-01,904205.4613655844,,703681.544169008,,,
2015-11-01,933072.6220717208,,,,,
2015-12-01,1028566.449716573,,,,,
2016-01-01,1016044.917677673,,677652.0891157027,,,
2016-02-01,981559.6393821024,,,,,
2016-03-01,954562.6129812154,,,,,
2016-04-01,930903.1260496826,,760703.2801516564,,,
2016-05-01,950730.2667265608,,,,,
2016-06-01,972708.3524200916,,,,,
2016-07-01,1022889.995347478,,694382.4757762305,,,
2016-08-01,1020926.057541369,,,,,
2016-09-01,1034959.907806346,,,,,
2016-10-01,1062122.689485534,,693173.5493470578,,,
2016-11-01,1106219.648329389,,,,,
2016-12-01,1225315.390518268,,,,,
2017-01-01,1276656.818915649,0.0158589999999998,681444.7661102224,85.43118332804933,6344.563229245913,359.0
2017-02-01,1239643.361714286,0.0206721602112105,,78.6839144078429,5843.476007679589,359.0
2017-03-01,1261845.224451613,0.0237418974036005,,86.59458205141301,6430.963258762787,357.0
2017-04-01,1259474.658333333,0.0265583018363109,778401.6764493167,96.4287926619208,7161.302797529333,357.0
2017-05-01,1267545.266225806,0.0143475024938812,,90.40809408546534,6714.174462014272,357.0
2017-06-01,1326397.629,0.0119207347138923,,103.27607612731906,7669.81761849314,359.0
2017-07-01,1380303.935483871,0.017322662871029,721120.4268527941,116.84813121625288,8677.748894967424,364.0
2017-08-01,1395566.774193548,0.0140325806871193,,97.39420263389933,7232.999154418623,366.0
2017-09-01,1416783.033333333,0.0189804466731784,,92.38313021136702,6860.850899032721,366.0
2017-10-01,1425888.838709677,0.0151473268697708,724592.9216389629,107.36750614237243,7973.668453952866,364.0
2017-11-01,1452821.033333333,0.0137508294736277,,90.71171054669792,6736.722596789992,366.0
2017-12-01,1604514.129,0.0314197398218092,,154.47267658740006,11471.942979371492,366.0
2018-01-01,1671370.258,0.0175735362464701,707324.2680572141,90.32219146558128,6707.794887458697,371.0
2018-02-01,1625844.535714286,0.0241903413453323,,84.30350193022772,6260.815753766728,371.0
2018-03-01,1614610.841935484,0.0234106255084169,,100.22640423877912,7443.333150275049,371.0
2018-04-01,1621338.59,0.0273903237584651,747428.2999545746,100.77480525118403,7484.060256732479,370.0
2018-05-01,1671509.2,0.0207537484131765,,100.54087261087388,7466.687204294084,370.0
2018-06-01,1776575.233333333,0.0373667609193539,,112.74433125665094,8372.979403201263,370.0
2018-07-01,1774779.84516129,0.0310161299344708,696101.5835218076,115.54666127502256,8581.094979951506,370.0
2018-08-01,1759405.377419355,0.0388943887536621,,95.38676219392012,7083.9162047948685,370.0
2018-09-01,1877613.233333333,0.065342861600713,,80.4263592770011,5972.879010367715,365.0
2018-10-01,1714007.751612903,0.0539160715161073,678655.6203844536,90.7552687623298,6739.957456035338,371.0
2018-11-01,1689885.173333333,0.0315336499618426,,78.53387193644396,5832.333074738961,376.0
2018-12-01,1863685.874193548,0.0256982344571439,,138.96187599035142,10320.030395575057,376.0
2019-01-01,1881942.838709677,0.0290624090934745,665848.7152997089,80.56320001500936,5983.0415140438745,376.0
2019-02-01,1829648.453571428,0.0376562218995719,,72.3513966045628,5373.190357427512,376.0
2019-03-01,1849707.180645161,0.0467954018828959,,88.47383021483995,6570.525984360569,374.0
2019-04-01,1873441.766666667,0.0344469794923312,751784.4607771325,80.69634019267158,5992.929194895579,374.0
2019-05-01,1931368.580645161,0.0305906969998361,,85.56695959380328,6354.646679685772,374.0
2019-06-01,1979232.133333333,0.0271800540239952,,108.06036781088166,8025.123958766578,378.0
2019-07-01,2060903.903225807,0.021978655386921,683900.8985525784,106.22665118535666,7888.942641571325,379.0
2019-08-01,2092441.064516129,0.0395398578704868,,89.12610054199473,6618.966965416672,379.0
2019-09-01,2171913.433333333,0.058856622721223,,77.37151026277674,5746.010061916869,379.0
2019-10-01,2238035.064516129,0.0329348209098412,671361.13972242,95.45010482422884,7088.620357394009,379.0
2019-11-01,2198822.633333333,0.0425453730948031,,81.59462691479577,6059.640630749443,380.0
2019-12-01,2512308.741935484,0.0374370735513833,,129.58645936012817,9623.763279824532,384.0
2020-01-01,2728223.161290322,0.0225289492605598,632389.35353461,78.62426387561898,5839.046049453451,384.0
2020-02-01,2804026.310344827,0.0201362937364295,,80.48920552529052,5977.5462990609085,384.0
2020-03-01,2970751.870967742,0.0334346864367225,,38.61130569974273,2867.4760296259424,384.0
2020-04-01,3399888.066666667,0.0149657259087256,609379.9894648013,1.517079112023114,112.66617147322924,384.0
2020-05-01,3682704.193548387,0.0154273625123861,,4.0111935885716274,297.892061844856,384.0
2020-06-01,3910094.2,0.0224353915912769,,12.450798925597564,924.6609722675432,384.0
2020-07-01,4113985.451612903,0.0193419464565129,614192.4784042229,18.064470338211606,1341.5613573268972,384.0
2020-08-01,4151495.258064516,0.0270011035906612,,18.94289296203696,1406.7975821074826,384.0
2020-09-01,4129971.4,0.0283552164697895,,14.7761372338941,1097.3526681056276,384.0
2020-10-01,4234048.193548387,0.0376096984398219,642403.3231979503,31.23318841753405,2319.5387333577337,384.0
2020-11-01,4331340.966666667,0.0315970494109665,,44.473762454849386,3302.8525059023978,384.0
2020-12-01,4630011.677419355,0.0400556733835353,,89.33669253574419,6634.60662025776,384.0
2021-01-01,4752698.580645162,0.0404902941982872,652831.9767063216,53.8683882257544,4000.5461921730416,384.0
2021-02-01,4675032.535714285,0.0357463168148211,,53.89843358461447,4002.777516516299,384.0
2021-03-01,4746040.70967742,0.0481080749628179,,61.75703568187597,4586.398109808373,384.0
2021-04-01,4819798.433333334,0.0408029353995966,723516.6224906748,39.79079727528463,2955.071197899017,384.0
2021-05-01,5046648.774193549,0.0332297807363954,,20.9140524824017,1553.186122271576,384.0
2021-06-01,5223263.6,0.0317454797589205,,42.52584806371536,3158.190269722764,375.0
2021-07-01,5531354.29032258,0.0299703332203624,686756.4678266742,69.71889007582294,5177.686754734127,375.0
2021-08-01,5675276.903225807,0.0246848666740147,,65.37254814228922,4854.904836715513,375.0
2021-09-01,5850427.1,0.0354678795331138,,60.1732617765583,4468.778836708377,375.0
2021-10-01,6144401.225806451,0.0351627483837178,696134.669112115,81.53038441990569,6054.869649534428,375.0
2021-11-01,6498411.166666667,0.0252946460135095,,70.43653210703799,5230.982577941032,375.0
2021-12-01,7120814.806451613,0.0383997030584126,,116.08187973636232,8620.843081723553,375.0
2022-01-01,7528248.661290322,0.0387568191670637,697625.2846663581,66.3483532807168,4927.373192636601,375.0
2022-02-01,7354966.285714285,0.0469436560100899,,71.71429794977243,5325.876103531911,384.0
2022-03-01,7384569.580645162,0.0672879783390254,,76.96869824062755,5716.095149768076,384.0
2022-04-01,7485303.933333334,0.0604141724228415,782338.628533735,79.6565919814683,5915.712094400275,384.0
2022-05-01,7877010.258064516,0.0505607476635514,,80.3077933237065,5964.073687086346,384.0
2022-06-01,8432285.466666667,0.0529522125162815,,91.1163005565925,6766.769551539999,386.0
2022-07-01,9181629.741935484,0.0740619685715935,732662.1638755013,102.2618995997904,7594.49960399468,382.0
2022-08-01,9240584.838709677,0.0697033557535506,,75.60510737773947,5614.827812580499,382.0
2022-09-01,9701408.766666668,0.0616551988757716,,68.06255222662496,5054.67850641247,382.0
2022-10-01,10171372.40645161,0.0634735010869345,712740.4578287383,88.17885988668749,6548.61995631776,382.0
2022-11-01,10402321.87333333,0.0491614708186791,,75.48953569187374,5606.2448591445145,385.0
2022-12-01,11869257.90322581,0.0512460775886709,,118.6073953133775,8808.400980849097,385.0
2023-01-01,12433211.38709677,0.0602787356638425,704009.0351770016,80.47539321643,5976.520525291969,385.0
2023-02-01,12867725.22857143,0.0662772168092709,,78.92903259608721,5861.679756982493,385.0
2023-03-01,13171291.12903226,0.0767523984978355,,82.28695579873819,6111.056568215029,385.0
2023-04-01,13600233.43333333,0.0840268988367096,738128.411227304,91.93640354803443,6827.6746576265805,385.0
2023-05-01,14601762.64516129,0.0777275296589059,,90.35405154763728,6710.160982568455,385.0
2023-06-01,15746346.93333333,0.0595083198050061,,101.80326052087467,7560.438684758546,385.0
2023-07-01,16988337.51612903,0.0634485086231579,728542.2558474866,113.0784301955569,8397.79132503282,386.0
2023-08-01,18586872.83870968,0.1244163772868995,,87.92806582054872,6529.994686853482,386.0
2023-09-01,19989035.23333333,0.1274975013246695,,81.5409486601687,6055.654204865474,386.0
2023-10-01,23100290.80645161,0.0830173938041001,700543.19869756,106.13959622916276,7882.477488538498,386.0
2023-11-01,24343445.76666667,0.1281069017691574,,87.61405520932833,6506.674628533654,386.0
2023-12-01,28763023.29032258,0.2546567498423684,,118.18050591639089,8776.697957836108,386.0
2024-01-01,35125599.32258064,0.2061422528896106,668219.6308270538,61.63090369494905,4577.0308935869225,374.0
2024-02-01,34569639.13793103,0.1324067605352477,,65.11576493109978,4835.834782244368,374.0
2024-03-01,36069772.51612903,0.1100970015654023,,73.04364234319249,5424.600120090488,378.0
2024-04-01,36877448.6,0.0883192076060508,729909.3687198232,70.10579331045767,5206.420197724304,378.0
2024-05-01,41706977.32258064,0.042,,78.93995776219055,5862.491116540355,379.0
2024-06-01,46923514.86666667,0.0457706578830274,,102.50400132683694,7612.479335227692,379.0
2024-07-01,50913673.51612903,0.0403093369514639,714299.2179562403,103.65410416277577,7697.891943112674,380.0
2024-08-01,51927901.90322581,0.0417227327937252,,92.82135609644416,6893.395828509909,380.0
2024-09-01,53103283.56666667,0.0346920810480664,,80.47228357174747,5976.289586932691,380.0
2024-10-01,54944488.51612903,0.0269173804131146,719523.3207309349,97.5885313983491,7247.431017413875,380.0
2024-11-01,57375148.26666667,0.0242655607550836,,90.78414038939236,6742.101612961344,380.0
2024-12-01,63693877.87096774,0.0270410405146337,,138.0281234401981,10250.68508319458,380.0
2025-01-01,64741030.35483871,0.0221104801366518,709095.1246966242,76.52590800726212,5683.211248089085,380.0
2025-02-01,63206403.78571428,0.0240162743075178,,74.91980965485152,5563.934045640326,380.0
2025-03-01,65200513.83870967,0.0372933530661216,,92.43621925207728,6864.793566832053,380.0
2025-04-01,69297477.2,0.0278083584485095,777482.5556069001,83.5683477909079,6206.219390489794,380.0
2025-05-01,72422230.29032259,0.015011086343823,,83.60754544834357,6209.130412043644,380.0
2025-06-01,73558758.1,0.0161892488199333,,99.84997943085386,7415.377889655894,380.0
2025-07-01,77131366.80645162,0.0190168375533128,737135.0676777094,93.71143245005072,6959.4975197697495,380.0
2025-08-01,76718874.70967741,0.0187579351135027,,91.1951641550304,6772.626371816664,380.0
2025-09-01,74880413.73333333,0.0207596032395136,,77.84089108462237,5780.868718753679,380.0
2025-10-01,76289239.83870968,0.0234194310239195,735202.1055080015,92.84216104007756,6894.940911642566,380.0
2025-11-01,77229098.03333333,0.0247291967107856,,88.703913750092,6587.613182272947,380.0
2025-12-01,84556179.83870968,0.0284527193457171,,135.80431527766902,10085.533543121666,381.0
2026-01-01,81992222.03225806,0.0288161935366171,725600.2445682534,76.4470576308084,5677.355409745614,381.0
2026-02-01,80284831.0,0.0289631907267269,,73.45042357401519,5454.809806283347,381.0
2026-03-01,81248703.64516129,0.0338262219244152,,80.16587414192627,5953.5340318086,381.0
2026-04-01,80626012.33333333,0.0258217956156745,,78.64444116567336,5840.544519772575,381.0
2026-05-01,83373477.38709678,0.0214997233499085,,93.51521175049363,6944.925151850577,381.0
2026-06-01,86798809.53333333,0.0188687146882937,,,,
2026-07-01,90469892.93548387,0.0211377242678618,,,,
